Name,Id
hiva_agnostic,1039
BurkittLymphoma,1084
leukemia,1104
tumors_C,1107
AP_Breast_Prostate,1122
AP_Endometrium_Breast,1123
AP_Omentum_Uterus,1124
AP_Omentum_Prostate,1125
AP_Colon_Lung,1126
AP_Breast_Omentum,1127
OVA_Breast,1128
AP_Uterus_Kidney,1129
OVA_Lung,1130
AP_Prostate_Uterus,1131
AP_Omentum_Lung,1132
AP_Endometrium_Colon,1133
OVA_Kidney,1134
AP_Colon_Prostate,1135
AP_Lung_Uterus,1136
AP_Colon_Kidney,1137
OVA_Uterus,1138
OVA_Omentum,1139
AP_Ovary_Lung,1140
AP_Endometrium_Prostate,1141
OVA_Endometrium,1142
AP_Colon_Omentum,1143
AP_Prostate_Kidney,1144
AP_Breast_Colon,1145
OVA_Prostate,1146
AP_Omentum_Kidney,1147
AP_Breast_Uterus,1148
AP_Ovary_Kidney,1149
AP_Breast_Lung,1150
AP_Endometrium_Omentum,1151
AP_Prostate_Ovary,1152
AP_Colon_Ovary,1153
AP_Endometrium_Lung,1154
AP_Prostate_Lung,1155
AP_Omentum_Ovary,1156
AP_Endometrium_Kidney,1157
AP_Breast_Kidney,1158
AP_Endometrium_Ovary,1159
AP_Colon_Uterus,1160
OVA_Colon,1161
AP_Ovary_Uterus,1162
AP_Lung_Kidney,1163
AP_Endometrium_Uterus,1164
AP_Breast_Ovary,1165
OVA_Ovary,1166
eating,1233
amazon-commerce-reviews,1457
arcene,1458
micro-mass,1514
micro-mass,1515
Bioresponse,4134
CIFAR_10_small,40926
UMIST_Faces_Cropped,41084
STL-10,41103
arcene,41157
guillermo,41159
riccardo,41161
dilbert,41163
robert,41165
SVHN_small,42140
kits-subset,42766
kits,42809
armstrong-2002-v1,46775
bittner-2000,46776
khan-2001,46781
toxicity,46855
Bioresponse,46912
